<?xml version="1.0" encoding="UTF-8"?>
<odoo>
  <data noupdate="1">
    <record id="ir_cron_ipai_semantics_seed" model="ir.cron">
      <field name="name">IPAI Semantics Seed (Default)</field>
      <field name="model_id" ref="base.model_ir_actions_server"/>
      <field name="state">code</field>
      <field name="code">env["ipai.semantics.bridge"].cron_seed_once()</field>
      <field name="interval_number">12</field>
      <field name="interval_type">hours</field>
      <field name="numbercall">-1</field>
      <field name="active">False</field>
    </record>
  </data>
</odoo>
