{
  "asset_fqdn": "supabase.ipai.scout.gold_sales_by_day",
  "semantic_model": {
    "name": "sales",
    "label": "Sales",
    "description": "Sales semantic model for Scout gold view",
    "grain": "day",
    "default_time_column": "day",
    "status": "draft",
    "version": "1.0.0"
  },
  "dimensions": [
    {
      "name": "day",
      "label": "Day",
      "column_ref": "day",
      "is_time": true,
      "data_type": "date"
    },
    {
      "name": "store_id",
      "label": "Store",
      "column_ref": "store_id",
      "data_type": "text"
    }
  ],
  "metrics": [
    {
      "name": "revenue",
      "label": "Revenue",
      "metric_type": "sum",
      "expression": "sum(revenue)",
      "format": "currency",
      "unit": "PHP",
      "certified": false
    }
  ],
  "export": {
    "format": "osi_yaml",
    "content": "# OSI-like template (vendor-neutral)\nversion: \"0.1\"\nmodel:\n  name: sales\n  label: Sales\n  description: Sales semantic model for Scout gold view\n  grain: day\n  default_time_column: day\n  status: draft\ndimensions:\n  - name: day\n    label: Day\n    column_ref: day\n    is_time: true\n    data_type: date\n  - name: store_id\n    label: Store\n    column_ref: store_id\n    data_type: text\nmetrics:\n  - name: revenue\n    label: Revenue\n    metric_type: sum\n    expression: sum(revenue)\n    format: currency\n    unit: PHP\n    certified: false\n"
  }
}