<?xml version="1.0" encoding="utf-8"?>
<!-- =============================================================================
InsightPulse ERP - IAP Disable Configuration
============================================================================= -->
<odoo>
    <data noupdate="1">
        
        <!-- Disable IAP services -->
        <record id="ipai_param_iap_disabled" model="ir.config_parameter">
            <field name="key">iap.disabled</field>
            <field name="value">True</field>
        </record>
        
        <!-- Mark CE edition -->
        <record id="ipai_param_edition_ce" model="ir.config_parameter">
            <field name="key">database.edition</field>
            <field name="value">community</field>
        </record>
        
        <!-- InsightPulse branding -->
        <record id="ipai_param_brand" model="ir.config_parameter">
            <field name="key">ipai.brand</field>
            <field name="value">InsightPulse ERP</field>
        </record>
        
    </data>
</odoo>
