<?xml version="1.0" encoding="utf-8"?>
<!-- =============================================================================
InsightPulse ERP - Workspace Security
============================================================================= -->
<odoo>
    <data>
        
        <!-- Workspace Manager Group -->
        <record id="group_workspace_manager" model="res.groups">
            <field name="name">Workspace Manager</field>
            <field name="category_id" ref="base.module_category_productivity"/>
            <field name="comment">Can create, modify, and delete any workspace.</field>
        </record>
        
        <!-- Workspace User Group (implied by manager) -->
        <record id="group_workspace_user" model="res.groups">
            <field name="name">Workspace User</field>
            <field name="category_id" ref="base.module_category_productivity"/>
            <field name="implied_ids" eval="[]"/>
            <field name="comment">Can view and interact with workspaces they're members of.</field>
        </record>
        
        <!-- Manager implies User -->
        <record id="group_workspace_manager" model="res.groups">
            <field name="implied_ids" eval="[(4, ref('group_workspace_user'))]"/>
        </record>
        
        <!-- Record Rules -->
        
        <!-- Users can see workspaces they own or are members of -->
        <record id="workspace_rule_user" model="ir.rule">
            <field name="name">Workspace: User sees own/member workspaces</field>
            <field name="model_id" ref="model_ipai_workspace"/>
            <field name="groups" eval="[(4, ref('group_workspace_user'))]"/>
            <field name="domain_force">[
                '|',
                ('owner_id', '=', user.id),
                ('member_ids', 'in', [user.id])
            ]</field>
            <field name="perm_read" eval="True"/>
            <field name="perm_write" eval="True"/>
            <field name="perm_create" eval="True"/>
            <field name="perm_unlink" eval="False"/>
        </record>
        
        <!-- Managers can see all workspaces in their company -->
        <record id="workspace_rule_manager" model="ir.rule">
            <field name="name">Workspace: Manager sees all company workspaces</field>
            <field name="model_id" ref="model_ipai_workspace"/>
            <field name="groups" eval="[(4, ref('group_workspace_manager'))]"/>
            <field name="domain_force">[('company_id', 'in', company_ids)]</field>
            <field name="perm_read" eval="True"/>
            <field name="perm_write" eval="True"/>
            <field name="perm_create" eval="True"/>
            <field name="perm_unlink" eval="True"/>
        </record>
        
    </data>
</odoo>
