<?xml version="1.0" encoding="utf-8"?>
<!-- =============================================================================
InsightPulse ERP - Workspace Demo Data
============================================================================= -->
<odoo>
    <data noupdate="1">
        
        <!-- Demo Generic Workspace -->
        <record id="workspace_demo_generic" model="ipai.workspace">
            <field name="name">General Projects</field>
            <field name="workspace_type">generic</field>
            <field name="description">&lt;p&gt;General workspace for miscellaneous projects and tasks.&lt;/p&gt;</field>
            <field name="owner_id" ref="base.user_admin"/>
            <field name="color">1</field>
        </record>
        
        <!-- Demo Accounting Client Workspace -->
        <record id="workspace_demo_accounting" model="ipai.workspace">
            <field name="name">ABC Corporation</field>
            <field name="workspace_type">accounting_client</field>
            <field name="description">&lt;p&gt;Accounting engagement for ABC Corporation - monthly bookkeeping and quarterly tax filings.&lt;/p&gt;</field>
            <field name="owner_id" ref="base.user_admin"/>
            <field name="color">10</field>
        </record>
        
        <!-- Demo Marketing Brand Workspace -->
        <record id="workspace_demo_brand" model="ipai.workspace">
            <field name="name">TechStart Brand</field>
            <field name="workspace_type">marketing_brand</field>
            <field name="description">&lt;p&gt;Brand management workspace for TechStart - includes brand guidelines, assets, and campaigns.&lt;/p&gt;</field>
            <field name="owner_id" ref="base.user_admin"/>
            <field name="color">4</field>
        </record>
        
        <!-- Demo Marketing Campaign Workspace -->
        <record id="workspace_demo_campaign" model="ipai.workspace">
            <field name="name">Q1 2025 Launch Campaign</field>
            <field name="workspace_type">marketing_campaign</field>
            <field name="description">&lt;p&gt;Product launch campaign for Q1 2025 - multi-channel marketing initiative.&lt;/p&gt;</field>
            <field name="owner_id" ref="base.user_admin"/>
            <field name="color">3</field>
        </record>
        
    </data>
</odoo>
